Rating Definition,Language,AUC score - Overall,AUC score - User Level,NDCG@5 Score - User Level,NDCG@10 Score - User Level,MAPK@5 score - User Level,MAPK@10 score - User Level,User Context,Type
is_vp_succ2,Hindi,0.8131312701671805,0.7615646529668748,0.6183772300830215,0.5840683164213704,0.5078646666666847,0.4351582301587283,location,video
is_like,Hindi,0.9157517498779858,0.6881076909749545,0.4685080513625768,0.4544430088786342,0.36368116666668554,0.3171435198412706,location,video
